Workbook

Sheet employees
A1: Index | B1: employeeID | C1: First Name | D1: Last Name | E1: DepartmentID
A2: 1 | B2: dE014d010c7ab0c | C2: Andrew | D2: Goodman | E2: 2
A3: 2 | B3: 2B54172c8b65eC3 | C3: Alvin | D3: Lane | E3: 7
A4: 3 | B4: d794Dd48988d2ac | C4: Jenna | D4: Harding | E4: 5
A5: 4 | B5: 3b3Aa4aCc68f3Be | C5: Fernando | D5: Ford | E5: 5
A6: 5 | B6: D60df62ad2ae41E | C6: Kara | D6: Woods | E6: 6
A7: 6 | B7: 8aaa5d0CE9ee311 | C7: Marissa | D7: Gamble | E7: 9
A8: 7 | B8: 73B22Ac8A43DD1A | C8: Julie | D8: Cooley | E8: 2
A9: 8 | B9: DC94CCd993D311b | C9: Lauren | D9: Villa | E9: 6
A10: 9 | B10: 9Ba746Cb790FED9 | C10: Emily | D10: Bryant | E10: 8
A11: 10 | B11: aAa1EDfaA70DA0c | C11: Marie | D11: Estrada | E11: 7
A12: 11 | B12: bf104C25d0BA4E1 | C12: Nichole | D12: Cannon | E12: 3
A13: 12 | B13: bf2fA37cbAd7dDc | C13: Bernard | D13: Ritter | E13: 8
... A1001: 1000 | B1001: 51732B5b2328015 | C1001: Dominic | D1001: Duran | E1001: 5

Sheet department
A1: DepartmentID | B1: Department
A2: 1 | B2: Product Innovation
A3: 2 | B3: Customer Experience
A4: 3 | B4: Data Analytics
A5: 4 | B5: Operations Optimization
A6: 5 | B6: Marketing Strategies
A7: 6 | B7: Human Resources Development
A8: 7 | B8: Financial Planning
A9: 8 | B9: Research and Development
A10: 9 | B10: Quality Assurance
A11: 10 | B11: Sustainability Initiatives

Sheet employee_company
A1: employeeID | B1: Company | C1: Subscription Date
A2: dE014d010c7ab0c | B2: AlphaGenix Labs | C2: 44403
A3: 2B54172c8b65eC3 | B3: SunCrest Industries | C3: 44371
A4: d794Dd48988d2ac | B4: QuantumSpark Labs | C4: 43926
A5: 3b3Aa4aCc68f3Be | B5: CoreNex Corporation | C5: 44164
A6: D60df62ad2ae41E | B6: PhoenixRise Technologies | C6: 44673
A7: 8aaa5d0CE9ee311 | B7: OptiCore Systems | C7: 44517
A8: 73B22Ac8A43DD1A | B8: SilverPeak Dynamics | C8: 44646
A9: DC94CCd993D311b | B9: AlphaGenix Labs | C9: 44057
A10: 9Ba746Cb790FED9 | B10: BlueSky Innovations | C10: 44195
A11: aAa1EDfaA70DA0c | B11: ThunderByte Ventures | C11: 44077
A12: bf104C25d0BA4E1 | B12: NexusByte Innovations | C12: 44312
A13: bf2fA37cbAd7dDc | B13: CrystalWave Solutions | C13: 44580
... A1001: 51732B5b2328015 | B1001: BlueSky Innovations | C1001: 44539

Sheet employee_country
A1: Index | B1: City | C1: Country | D1: employeeID
A2: 1 | B2: Moscow | C2: Russia | D2: dE014d010c7ab0c
A3: 2 | B3: Brasilia | C3: Brazil | D3: 2B54172c8b65eC3
A4: 3 | B4: Chicago | C4: United States | D4: d794Dd48988d2ac
A5: 4 | B5: London | C5: United Kingdom | D5: 3b3Aa4aCc68f3Be
A6: 5 | B6: Berlin | C6: Germany | D6: D60df62ad2ae41E
A7: 6 | B7: Marseille | C7: France | D7: 8aaa5d0CE9ee311
A8: 7 | B8: New Delhi | C8: India | D8: 73B22Ac8A43DD1A
A9: 8 | B9: Bangalore | C9: India | D9: DC94CCd993D311b
A10: 9 | B10: Sao Paulo | C10: Brazil | D10: 9Ba746Cb790FED9
A11: 10 | B11: Birmingham | C11: United Kingdom | D11: aAa1EDfaA70DA0c
A12: 11 | B12: Brasilia | C12: Brazil | D12: bf104C25d0BA4E1
A13: 12 | B13: Munich | C13: Germany | D13: bf2fA37cbAd7dDc
... A1001: 1000 | B1001: Rio de Janeiro | C1001: Brazil | D1001: 51732B5b2328015

Sheet Sheet6
A3: Row Labels
A4: Bangalore
A5: Beijing
A6: Berlin
A7: Birmingham
A8: 06CF1Fcd5863dF6
A9: 0C18158818033b1
A10: 0Fdd59e7856db8f
A11: 12B5834e77F67a6
A12: 233b8C0F1360203
A13: 2EC8778AB8bdABa
A14: 333f3F9A9222E1a
... A947: Grand Total

Sheet Sheet2
A3: Row Labels
A4: Bangalore
A5: 002c9A213Db0067
A6: 13daEd070a6Db0e
A7: 276ec18f5546bd1
A8: 2bcF27a9daa2EAA
A9: 4ae3d1e39eBA622
A10: 4dDFBaA4e4bC29f
A11: 573F08aC80974Ce
A12: 5DcB42c2f8fBfb5
A13: 6841639B9B36D74
A14: 7dafD51fecbF1f8
... A1034: Grand Total

Sheet Sheet3
A3: Row Labels
A4: Bangalore
A5: Beijing
A6: Berlin
A7: Birmingham
A8: Brasilia
A9: Brisbane
A10: Chicago
A11: Guangzhou
A12: Hamburg
A13: London
A14: Los Angeles
... A34: (blank)
A35: Grand Total | B35: =COUNT(A4:A33) -> 0

Sheet Sheet4
A3: Row Labels
A4: Australia
A5: Brazil
A6: Canada
A7: China
A8: France
A9: Germany
A10: India
A11: Russia
A12: United Kingdom
A13: United States
A14: (blank)
A15: Grand Total

Sheet Sheet5
A3: Row Labels
A4: 0001fA39dA6D349
A5: 002c9A213Db0067
A6: 0115aEF33Ff7afC
A7: 014A372AC33c4F4
A8: 01AEbCbD0cB7cCd
A9: 024a3d8Df5abFE9
A10: 0274db23E8f20bd
A11: 05a3385fc5a8cc1
A12: 05b6ed3aEACDaa3
A13: 05c1eCeEfE7DDE9
A14: 05CeeD0bFdFf4Ef
... A1005: Grand Total

Sheet employee_details
A1: EmployeeID | B1: Department | C1: First Name | D1: Last Name | E1: City | F1: Country | G1: Company | H1: Subscription Date | I1: Year of Subscription
A2: =employee_company!A2:A1001 -> dE014d010c7ab0c | B2: =employees!E:E -> 2 | C2: =employees!C2:C1001 -> Andrew | D2: =employees!D2:D1001 -> Goodman | E2: =employee_country!B2:B1001 -> Moscow | F2: =employee_country!C2:C1001 -> Russia | G2: =employee_company!B:B -> AlphaGenix Labs | H2: =employee_company!C2:C1001 -> 44403 | I2: =YEAR(H2) -> 2021
A3: =employee_company!A3:A1002 -> 2B54172c8b65eC3 | B3: =employees!E:E -> 7 | C3: =employees!C3:C1002 -> Alvin | D3: =employees!D3:D1002 -> Lane | E3: =employee_country!B3:B1002 -> Brasilia | F3: =employee_country!C3:C1002 -> Brazil | G3: =employee_company!B:B -> SunCrest Industries | H3: =employee_company!C3:C1002 -> 44371 | I3: =YEAR(H3) -> 2021
A4: =employee_company!A4:A1003 -> d794Dd48988d2ac | B4: =employees!E:E -> 5 | C4: =employees!C4:C1003 -> Jenna | D4: =employees!D4:D1003 -> Harding | E4: =employee_country!B4:B1003 -> Chicago | F4: =employee_country!C4:C1003 -> United States | G4: =employee_company!B:B -> QuantumSpark Labs | H4: =employee_company!C4:C1003 -> 43926 | I4: =YEAR(H4) -> 2020
A5: =employee_company!A5:A1004 -> 3b3Aa4aCc68f3Be | B5: =employees!E:E -> 5 | C5: =employees!C5:C1004 -> Fernando | D5: =employees!D5:D1004 -> Ford | E5: =employee_country!B5:B1004 -> London | F5: =employee_country!C5:C1004 -> United Kingdom | G5: =employee_company!B:B -> CoreNex Corporation | H5: =employee_company!C5:C1004 -> 44164 | I5: =YEAR(H5) -> 2020
A6: =employee_company!A6:A1005 -> D60df62ad2ae41E | B6: =employees!E:E -> 6 | C6: =employees!C6:C1005 -> Kara | D6: =employees!D6:D1005 -> Woods | E6: =employee_country!B6:B1005 -> Berlin | F6: =employee_country!C6:C1005 -> Germany | G6: =employee_company!B:B -> PhoenixRise Technologies | H6: =employee_company!C6:C1005 -> 44673 | I6: =YEAR(H6) -> 2022
A7: =employee_company!A7:A1006 -> 8aaa5d0CE9ee311 | B7: =employees!E:E -> 9 | C7: =employees!C7:C1006 -> Marissa | D7: =employees!D7:D1006 -> Gamble | E7: =employee_country!B7:B1006 -> Marseille | F7: =employee_country!C7:C1006 -> France | G7: =employee_company!B:B -> OptiCore Systems | H7: =employee_company!C7:C1006 -> 44517 | I7: =YEAR(H7) -> 2021
A8: =employee_company!A8:A1007 -> 73B22Ac8A43DD1A | B8: =employees!E:E -> 2 | C8: =employees!C8:C1007 -> Julie | D8: =employees!D8:D1007 -> Cooley | E8: =employee_country!B8:B1007 -> New Delhi | F8: =employee_country!C8:C1007 -> India | G8: =employee_company!B:B -> SilverPeak Dynamics | H8: =employee_company!C8:C1007 -> 44646 | I8: =YEAR(H8) -> 2022
A9: =employee_company!A9:A1008 -> DC94CCd993D311b | B9: =employees!E:E -> 6 | C9: =employees!C9:C1008 -> Lauren | D9: =employees!D9:D1008 -> Villa | E9: =employee_country!B9:B1008 -> Bangalore | F9: =employee_country!C9:C1008 -> India | G9: =employee_company!B:B -> AlphaGenix Labs | H9: =employee_company!C9:C1008 -> 44057 | I9: =YEAR(H9) -> 2020
A10: =employee_company!A10:A1009 -> 9Ba746Cb790FED9 | B10: =employees!E:E -> 8 | C10: =employees!C10:C1009 -> Emily | D10: =employees!D10:D1009 -> Bryant | E10: =employee_country!B10:B1009 -> Sao Paulo | F10: =employee_country!C10:C1009 -> Brazil | G10: =employee_company!B:B -> BlueSky Innovations | H10: =employee_company!C10:C1009 -> 44195 | I10: =YEAR(H10) -> 2020
A11: =employee_company!A11:A1010 -> aAa1EDfaA70DA0c | B11: =employees!E:E -> 7 | C11: =employees!C11:C1010 -> Marie | D11: =employees!D11:D1010 -> Estrada | E11: =employee_country!B11:B1010 -> Birmingham | F11: =employee_country!C11:C1010 -> United Kingdom | G11: =employee_company!B:B -> ThunderByte Ventures | H11: =employee_company!C11:C1010 -> 44077 | I11: =YEAR(H11) -> 2020
A12: =employee_company!A12:A1011 -> bf104C25d0BA4E1 | B12: =employees!E:E -> 3 | C12: =employees!C12:C1011 -> Nichole | D12: =employees!D12:D1011 -> Cannon | E12: =employee_country!B12:B1011 -> Brasilia | F12: =employee_country!C12:C1011 -> Brazil | G12: =employee_company!B:B -> NexusByte Innovations | H12: =employee_company!C12:C1011 -> 44312 | I12: =YEAR(H12) -> 2021
A13: =employee_company!A13:A1012 -> bf2fA37cbAd7dDc | B13: =employees!E:E -> 8 | C13: =employees!C13:C1012 -> Bernard | D13: =employees!D13:D1012 -> Ritter | E13: =employee_country!B13:B1012 -> Munich | F13: =employee_country!C13:C1012 -> Germany | G13: =employee_company!B:B -> CrystalWave Solutions | H13: =employee_company!C13:C1012 -> 44580 | I13: =YEAR(H13) -> 2022
... A1001: =employee_company!A1001:A2000 -> 51732B5b2328015 | B1001: =employees!E:E -> 5 | C1001: =employees!C1001:C2000 -> Dominic | D1001: =employees!D1001:D2000 -> Duran | E1001: =employee_country!B1001:B2000 -> Rio de Janeiro | F1001: =employee_country!C1001:C2000 -> Brazil | G1001: =employee_company!B:B -> BlueSky Innovations | H1001: =employee_company!C1001:C2000 -> 44539 | I1001: =YEAR(H1001) -> 2021

Sheet Dashboard
